Sample Filename,Sample ID,HPLID,Type,Pass/Fail,DQC,QC call_rate,call_rate,QC het_rate,het_rate,affymetrix-plate-barcode,affymetrix-plate-peg-wellposition,Average call rate for passing samples,Percent of passing samples
HPL-00001_Tissue_225234_B1.CEL,HPL-00001_Tissue,,Tissue,Fail,0.88443,94.712,,20.932,,5513774462030061924883,B01,98.354,44.271
HPL-00002_Tissue_225234_D1.CEL,HPL-00002_Tissue,,Tissue,Pass,0.95283,97.975,97.994,19.053,19.438,5513774462030061924883,D01,98.354,44.271
HPL-00003_Tissue_225234_F1.CEL,HPL-00003_Tissue,,Tissue,Fail,0.99528,90.925,,24.239,,5513774462030061924883,F01,98.354,44.271
HPL-00004_Tissue_225234_H1.CEL,HPL-00004_Tissue,,Tissue,Fail,0.99528,94.989,,21.355,,5513774462030061924883,H01,98.354,44.271
HPL-00005_Tissue_225234_J1.CEL,HPL-00005_Tissue,,Tissue,Fail,0.9434,94.334,,20.83,,5513774462030061924883,J01,98.354,44.271
HPL-00006_Tissue_225234_L1.CEL,HPL-00006_Tissue,,Tissue,Fail,0.98821,92.848,,22.36,,5513774462030061924883,L01,98.354,44.271
HPL-00007_Tissue_225234_N1.CEL,HPL-00007_Tissue,,Tissue,Pass,0.96934,97.742,98.138,19.126,19.225,5513774462030061924883,N01,98.354,44.271
HPL-00008_Tissue_225234_P1.CEL,HPL-00008_Tissue,,Tissue,Pass,0.86085,98.034,98.306,18.325,19.06,5513774462030061924883,P01,98.354,44.271
HPL-00009_Tissue_225234_B3.CEL,HPL-00009_Tissue,,Tissue,Fail,0.83726,96.606,,19.723,,5513774462030061924883,B03,98.354,44.271
HPL-00010_Tissue_225234_D3.CEL,HPL-00010_Tissue,,Tissue,Pass,0.94811,97.043,97.54,19.592,20.219,5513774462030061924883,D03,98.354,44.271
HPL-00011_Tissue_225234_F3.CEL,HPL-00011_Tissue,,Tissue,Fail,1,90.546,,24.588,,5513774462030061924883,F03,98.354,44.271
HPL-00012_Tissue_225234_H3.CEL,HPL-00012_Tissue,,Tissue,Fail,0.99292,89.716,,26.511,,5513774462030061924883,H03,98.354,44.271
HPL-00013_Tissue_225234_J3.CEL,HPL-00013_Tissue,,Tissue,Fail,0.99057,90.852,,23.787,,5513774462030061924883,J03,98.354,44.271
HPL-00014_Tissue_225234_L3.CEL,HPL-00014_Tissue,,Tissue,Fail,0.99292,91.726,,27.924,,5513774462030061924883,L03,98.354,44.271
HPL-00015_Tissue_225234_N3.CEL,HPL-00015_Tissue,,Tissue,Fail,0.99528,92.702,,23.117,,5513774462030061924883,N03,98.354,44.271
HPL-00016_Tissue_225234_P3.CEL,HPL-00016_Tissue,,Tissue,Fail,1,90.401,,26.366,,5513774462030061924883,P03,98.354,44.271
HPL-00017_Tissue_225234_B5.CEL,HPL-00017_Tissue,,Tissue,Fail,0.95283,93.751,,22.433,,5513774462030061924883,B05,98.354,44.271
HPL-00018_Tissue_225234_D5.CEL,HPL-00018_Tissue,,Tissue,Fail,0.9717,89.978,,27.822,,5513774462030061924883,D05,98.354,44.271
HPL-00019_Tissue_225234_F5.CEL,HPL-00019_Tissue,,Tissue,Fail,1,90.532,,25.2,,5513774462030061924883,F05,98.354,44.271
HPL-00020_Tissue_225234_H5.CEL,HPL-00020_Tissue,,Tissue,Fail,0.85613,94.887,,21.107,,5513774462030061924883,H05,98.354,44.271
HPL-00021_Tissue_225234_J5.CEL,HPL-00021_Tissue,,Tissue,Pass,0.89151,97.13,97.636,20.262,20.124,5513774462030061924883,J05,98.354,44.271
HPL-00022_Tissue_225234_L5.CEL,HPL-00022_Tissue,,Tissue,Fail,1,91.959,,27.123,,5513774462030061924883,L05,98.354,44.271
HPL-00023_Tissue_225234_N5.CEL,HPL-00023_Tissue,,Tissue,Fail,0.99764,91.318,,24.822,,5513774462030061924883,N05,98.354,44.271
HPL-00024_Tissue_225234_P5.CEL,HPL-00024_Tissue,,Tissue,Fail,1,90.721,,27.866,,5513774462030061924883,P05,98.354,44.271
HPL-00025_Tissue_225234_B7.CEL,HPL-00025_Tissue,,Tissue,Pass,0.87736,97.698,97.956,19.548,19.421,5513774462030061924883,B07,98.354,44.271
HPL-00026_Tissue_225234_D7.CEL,HPL-00026_Tissue,,Tissue,Fail,0.99292,90.036,,27.604,,5513774462030061924883,D07,98.354,44.271
HPL-00027_Tissue_225234_F7.CEL,HPL-00027_Tissue,,Tissue,Fail,0.95283,96.184,,20,,5513774462030061924883,F07,98.354,44.271
HPL-00028_Tissue_225234_H7.CEL,HPL-00028_Tissue,,Tissue,Fail,0.92925,96.198,,19.432,,5513774462030061924883,H07,98.354,44.271
HPL-00029_Tissue_225234_J7.CEL,HPL-00029_Tissue,,Tissue,Fail,0.92217,95.441,,20.976,,5513774462030061924883,J07,98.354,44.271
HPL-00030_Tissue_225234_L7.CEL,HPL-00030_Tissue,,Tissue,Fail,0.96462,94.523,,20.524,,5513774462030061924883,L07,98.354,44.271
HPL-00031_Tissue_225234_N7.CEL,HPL-00031_Tissue,,Tissue,Fail,0.97877,90.59,,27.604,,5513774462030061924883,N07,98.354,44.271
HPL-00032_Tissue_225234_P7.CEL,HPL-00032_Tissue,,Tissue,Fail,0.99764,91.143,,27.123,,5513774462030061924883,P07,98.354,44.271
HPL-00033_Tissue_225234_B9.CEL,HPL-00033_Tissue,,Tissue,Fail,0.98113,92.353,,24.166,,5513774462030061924883,B09,98.354,44.271
HPL-00034_Tissue_225234_D9.CEL,HPL-00034_Tissue,,Tissue,Fail,0.99528,91.449,,26.948,,5513774462030061924883,D09,98.354,44.271
HPL-00035_Tissue_225234_F9.CEL,HPL-00035_Tissue,,Tissue,Fail,0.95755,96.242,,19.913,,5513774462030061924883,F09,98.354,44.271
HPL-00036_Tissue_225234_H9.CEL,HPL-00036_Tissue,,Tissue,Fail,0.97642,90.677,,25.157,,5513774462030061924883,H09,98.354,44.271
HPL-00037_Tissue_225234_J9.CEL,HPL-00037_Tissue,,Tissue,Fail,0.98585,95.295,,21.398,,5513774462030061924883,J09,98.354,44.271
HPL-00038_Tissue_225234_L9.CEL,HPL-00038_Tissue,,Tissue,Fail,0.91038,96.999,,19.738,,5513774462030061924883,L09,98.354,44.271
HPL-00039_Tissue_225234_N9.CEL,HPL-00039_Tissue,,Tissue,Fail,1,90.109,,25.987,,5513774462030061924883,N09,98.354,44.271
HPL-00040_Tissue_225234_P9.CEL,HPL-00040_Tissue,,Tissue,Fail,0.99528,90.138,,27.458,,5513774462030061924883,P09,98.354,44.271
HPL-00041_Tissue_225234_B11.CEL,HPL-00041_Tissue,,Tissue,Pass,0.91981,97.946,98.092,18.485,18.925,5513774462030061924883,B11,98.354,44.271
HPL-00042_Tissue_225234_D11.CEL,HPL-00042_Tissue,,Tissue,Fail,0.98821,90.255,,26.438,,5513774462030061924883,D11,98.354,44.271
HPL-00043_Tissue_225234_F11.CEL,HPL-00043_Tissue,,Tissue,Fail,0.99764,91.231,,28.172,,5513774462030061924883,F11,98.354,44.271
HPL-00044_Tissue_225234_H11.CEL,HPL-00044_Tissue,,Tissue,Fail,0.95755,93.707,,22.054,,5513774462030061924883,H11,98.354,44.271
HPL-00045_Tissue_225234_J11.CEL,HPL-00045_Tissue,,Tissue,Fail,0.97877,96.213,,19.505,,5513774462030061924883,J11,98.354,44.271
HPL-00046_Tissue_225234_L11.CEL,HPL-00046_Tissue,,Tissue,Fail,0.99764,94.013,,21.631,,5513774462030061924883,L11,98.354,44.271
HPL-00047_Tissue_225234_N11.CEL,HPL-00047_Tissue,,Tissue,Fail,0.98585,93.999,,19.898,,5513774462030061924883,N11,98.354,44.271
HPL-00048_Tissue_225234_P11.CEL,HPL-00048_Tissue,,Tissue,Fail,0.99764,91.624,,27.56,,5513774462030061924883,P11,98.354,44.271
HPL-00049_Tissue_225234_B13.CEL,HPL-00049_Tissue,,Tissue,Pass,0.88915,97.757,98.138,18.893,19.02,5513774462030061924883,B13,98.354,44.271
HPL-00050_Tissue_225234_D13.CEL,HPL-00050_Tissue,,Tissue,Fail,0.99764,91.537,,27.036,,5513774462030061924883,D13,98.354,44.271
HPL-00051_Tissue_225234_F13.CEL,HPL-00051_Tissue,,Tissue,Fail,0.99764,89.527,,27.079,,5513774462030061924883,F13,98.354,44.271
HPL-00052_Tissue_225234_H13.CEL,HPL-00052_Tissue,,Tissue,Fail,0.98113,96.213,,21.136,,5513774462030061924883,H13,98.354,44.271
HPL-00053_Tissue_225234_J13.CEL,HPL-00053_Tissue,,Tissue,Fail,0.94575,96.999,,20.699,,5513774462030061924883,J13,98.354,44.271
HPL-00054_Tissue_225234_L13.CEL,HPL-00054_Tissue,,Tissue,Fail,0.98113,91.755,,24.851,,5513774462030061924883,L13,98.354,44.271
HPL-00055_Tissue_225234_N13.CEL,HPL-00055_Tissue,,Tissue,Pass,0.94104,97.203,97.666,18.98,19.299,5513774462030061924883,N13,98.354,44.271
HPL-00056_Tissue_225234_P13.CEL,HPL-00056_Tissue,,Tissue,Fail,0.99528,90.342,,27.997,,5513774462030061924883,P13,98.354,44.271
HPL-00057_Tissue_225234_B15.CEL,HPL-00057_Tissue,,Tissue,Fail,1,89.978,,24.326,,5513774462030061924883,B15,98.354,44.271
HPL-00058_Tissue_225234_D15.CEL,HPL-00058_Tissue,,Tissue,Fail,1,90.867,,27.881,,5513774462030061924883,D15,98.354,44.271
HPL-00059_Tissue_225234_F15.CEL,HPL-00059_Tissue,,Tissue,Fail,0.99764,91.784,,26.031,,5513774462030061924883,F15,98.354,44.271
HPL-00060_Tissue_225234_H15.CEL,HPL-00060_Tissue,,Tissue,Fail,1,91.58,,28.755,,5513774462030061924883,H15,98.354,44.271
HPL-00061_Tissue_225234_J15.CEL,HPL-00061_Tissue,,Tissue,Fail,0.99292,96.591,,19.65,,5513774462030061924883,J15,98.354,44.271
HPL-00062_Tissue_225234_L15.CEL,HPL-00062_Tissue,,Tissue,Fail,0.99764,91.988,,27.881,,5513774462030061924883,L15,98.354,44.271
HPL-00063_Tissue_225234_N15.CEL,HPL-00063_Tissue,,Tissue,Fail,0.99528,91.668,,28.725,,5513774462030061924883,N15,98.354,44.271
HPL-00064_Tissue_225234_P15.CEL,HPL-00064_Tissue,,Tissue,Fail,0.99764,91.916,,27.327,,5513774462030061924883,P15,98.354,44.271
HPL-00065_Tissue_225234_B17.CEL,HPL-00065_Tissue,,Tissue,Fail,0.99764,92.119,,27.385,,5513774462030061924883,B17,98.354,44.271
HPL-00066_Tissue_225234_D17.CEL,HPL-00066_Tissue,,Tissue,Fail,1,91.114,,26.715,,5513774462030061924883,D17,98.354,44.271
HPL-00067_Tissue_225234_F17.CEL,HPL-00067_Tissue,,Tissue,Fail,1,92.542,,26.657,,5513774462030061924883,F17,98.354,44.271
HPL-00068_Tissue_225234_H17.CEL,HPL-00068_Tissue,,Tissue,Fail,0.99292,89.832,,29.264,,5513774462030061924883,H17,98.354,44.271
HPL-00069_Tissue_225234_J17.CEL,HPL-00069_Tissue,,Tissue,Fail,1,92.323,,28.216,,5513774462030061924883,J17,98.354,44.271
HPL-00070_Tissue_225234_L17.CEL,HPL-00070_Tissue,,Tissue,Fail,1,92.192,,27.633,,5513774462030061924883,L17,98.354,44.271
HPL-00071_Tissue_225234_N17.CEL,HPL-00071_Tissue,,Tissue,Fail,0.99764,91.901,,28.551,,5513774462030061924883,N17,98.354,44.271
HPL-00072_Tissue_225234_P17.CEL,HPL-00072_Tissue,,Tissue,Fail,0.99057,90.226,,29.06,,5513774462030061924883,P17,98.354,44.271
HPL-00073_Tissue_225234_B19.CEL,HPL-00073_Tissue,,Tissue,Fail,0.99764,90.269,,24.705,,5513774462030061924883,B19,98.354,44.271
HPL-00074_Tissue_225234_D19.CEL,HPL-00074_Tissue,,Tissue,Fail,1,92.484,,27.312,,5513774462030061924883,D19,98.354,44.271
HPL-00075_Tissue_225234_F19.CEL,HPL-00075_Tissue,,Tissue,Fail,0.99292,92.323,,28.973,,5513774462030061924883,F19,98.354,44.271
HPL-00076_Tissue_225234_H19.CEL,HPL-00076_Tissue,,Tissue,Fail,1,91.333,,27.502,,5513774462030061924883,H19,98.354,44.271
HPL-00077_Tissue_225234_J19.CEL,HPL-00077_Tissue,,Tissue,Fail,1,92.382,,27.968,,5513774462030061924883,J19,98.354,44.271
HPL-00078_Tissue_225234_L19.CEL,HPL-00078_Tissue,,Tissue,Fail,1,92.586,,27.269,,5513774462030061924883,L19,98.354,44.271
HPL-00079_Tissue_225234_N19.CEL,HPL-00079_Tissue,,Tissue,Fail,1,92.906,,27.618,,5513774462030061924883,N19,98.354,44.271
HPL-00080_Tissue_225234_P19.CEL,HPL-00080_Tissue,,Tissue,Fail,0.99764,90.91,,26.846,,5513774462030061924883,P19,98.354,44.271
HPL-00081_Tissue_225234_B21.CEL,HPL-00081_Tissue,,Tissue,Pass,0.86792,97.917,98.196,18.471,18.733,5513774462030061924883,B21,98.354,44.271
HPL-00082_Tissue_225234_D21.CEL,HPL-00082_Tissue,,Tissue,Fail,1,90.153,,26.118,,5513774462030061924883,D21,98.354,44.271
HPL-00083_Tissue_225234_F21.CEL,HPL-00083_Tissue,,Tissue,Fail,1,90.342,,25.2,,5513774462030061924883,F21,98.354,44.271
HPL-00084_Tissue_225234_H21.CEL,HPL-00084_Tissue,,Tissue,Fail,0.99292,92.513,,22.185,,5513774462030061924883,H21,98.354,44.271
HPL-00085_Tissue_225234_J21.CEL,HPL-00085_Tissue,,Tissue,Fail,1,92.746,,27.385,,5513774462030061924883,J21,98.354,44.271
HPL-00086_Tissue_225234_L21.CEL,HPL-00086_Tissue,,Tissue,Fail,0.99764,89.527,,25.812,,5513774462030061924883,L21,98.354,44.271
HPL-00087_Tissue_225234_N21.CEL,HPL-00087_Tissue,,Tissue,Fail,1,90.779,,25.812,,5513774462030061924883,N21,98.354,44.271
HPL-00088_Tissue_225234_P21.CEL,HPL-00088_Tissue,,Tissue,Pass,0.88915,97.378,98.015,18.514,18.993,5513774462030061924883,P21,98.354,44.271
HPL-00089_Tissue_225234_B23.CEL,HPL-00089_Tissue,,Tissue,Pass,0.82783,97.873,98.232,18.194,18.694,5513774462030061924883,B23,98.354,44.271
HPL-00090_Tissue_225234_D23.CEL,HPL-00090_Tissue,,Tissue,Fail,0.99292,89.934,,26.089,,5513774462030061924883,D23,98.354,44.271
HPL-00091_Tissue_225234_F23.CEL,HPL-00091_Tissue,,Tissue,Fail,0.99764,90.371,,25.754,,5513774462030061924883,F23,98.354,44.271
HPL-00092_Tissue_225234_H23.CEL,HPL-00092_Tissue,,Tissue,Fail,0.99764,90.328,,27.939,,5513774462030061924883,H23,98.354,44.271
HPL-00093_Tissue_225234_J23.CEL,HPL-00093_Tissue,,Tissue,Fail,0.99764,91.158,,24.326,,5513774462030061924883,J23,98.354,44.271
HPL-00094_Tissue_225234_L23.CEL,HPL-00094_Tissue,,Tissue,Fail,1,90.459,,26.351,,5513774462030061924883,L23,98.354,44.271
HPL-00095_Tissue_225234_N23.CEL,HPL-00095_Tissue,,Tissue,Pass,0.93396,97.8,98.189,18.907,18.852,5513774462030061924883,N23,98.354,44.271
HPL-00096_Tissue_225234_P23.CEL,HPL-00096_Tissue,,Tissue,Pass,0.97642,98.121,98.381,19.009,19.359,5513774462030061924883,P23,98.354,44.271
HPL-00097_Tissue_225234_A1.CEL,HPL-00097_Tissue,,Tissue,Fail,0.875,94.727,,18.31,,5513774462030061924883,A01,98.354,44.271
HPL-00098_Tissue_225234_C1.CEL,HPL-00098_Tissue,,Tissue,Fail,0.99764,92.469,,24.122,,5513774462030061924883,C01,98.354,44.271
HPL-00099_Tissue_225234_E1.CEL,HPL-00099_Tissue,,Tissue,Fail,0.99764,91.755,,23.875,,5513774462030061924883,E01,98.354,44.271
HPL-00100_Tissue_225234_G1.CEL,HPL-00100_Tissue,,Tissue,Fail,0.90094,96.577,,18.937,,5513774462030061924883,G01,98.354,44.271
HPL-00101_Tissue_225234_I1.CEL,HPL-00101_Tissue,,Tissue,Pass,0.99292,97.538,98.027,19.111,19.998,5513774462030061924883,I01,98.354,44.271
HPL-00102_Tissue_225234_K1.CEL,HPL-00102_Tissue,,Tissue,Pass,0.98349,97.698,98.337,19.65,19.817,5513774462030061924883,K01,98.354,44.271
HPL-00103_Tissue_225234_M1.CEL,HPL-00103_Tissue,,Tissue,Pass,0.95283,97.436,97.919,19.548,19.65,5513774462030061924883,M01,98.354,44.271
HPL-00104_Tissue_225234_O1.CEL,HPL-00104_Tissue,,Tissue,Fail,0.9434,94.625,,20.641,,5513774462030061924883,O01,98.354,44.271
HPL-00105_Tissue_225234_A3.CEL,HPL-00105_Tissue,,Tissue,Fail,0.99292,94.625,,22.666,,5513774462030061924883,A03,98.354,44.271
HPL-00106_Tissue_225234_C3.CEL,HPL-00106_Tissue,,Tissue,Pass,0.99292,97.626,98.111,18.776,19.618,5513774462030061924883,C03,98.354,44.271
HPL-00107_Tissue_225234_E3.CEL,HPL-00107_Tissue,,Tissue,Fail,0.99528,90.473,,25.302,,5513774462030061924883,E03,98.354,44.271
HPL-00108_Tissue_225234_G3.CEL,HPL-00108_Tissue,,Tissue,Fail,0.99057,94.567,,20.714,,5513774462030061924883,G03,98.354,44.271
HPL-00109_Tissue_225234_I3.CEL,HPL-00109_Tissue,,Tissue,Pass,0.99528,98.092,98.32,18.791,19.369,5513774462030061924883,I03,98.354,44.271
HPL-00110_Tissue_225234_K3.CEL,HPL-00110_Tissue,,Tissue,Fail,0.99528,90.371,,26.759,,5513774462030061924883,K03,98.354,44.271
HPL-00111_Tissue_225234_M3.CEL,HPL-00111_Tissue,,Tissue,Pass,0.99764,97.174,97.746,20.583,20.292,5513774462030061924883,M03,98.354,44.271
HPL-00112_Tissue_225234_O3.CEL,HPL-00112_Tissue,,Tissue,Fail,0.99764,90.255,,29.366,,5513774462030061924883,O03,98.354,44.271
HPL-00113_Tissue_225234_A5.CEL,HPL-00113_Tissue,,Tissue,Fail,1,94.741,,21.18,,5513774462030061924883,A05,98.354,44.271
HPL-00114_Tissue_225234_C5.CEL,HPL-00114_Tissue,,Tissue,Fail,0.98349,95.513,,21.224,,5513774462030061924883,C05,98.354,44.271
HPL-00115_Tissue_225234_E5.CEL,HPL-00115_Tissue,,Tissue,Fail,0.98821,94.814,,20.699,,5513774462030061924883,E05,98.354,44.271
HPL-00116_Tissue_225234_G5.CEL,HPL-00116_Tissue,,Tissue,Fail,0.99528,93.926,,20.728,,5513774462030061924883,G05,98.354,44.271
HPL-00117_Tissue_225234_I5.CEL,HPL-00117_Tissue,,Tissue,Fail,1,91.726,,27.808,,5513774462030061924883,I05,98.354,44.271
HPL-00118_Tissue_225234_K5.CEL,HPL-00118_Tissue,,Tissue,Fail,0.99764,89.876,,26.176,,5513774462030061924883,K05,98.354,44.271
HPL-00119_Tissue_225234_M5.CEL,HPL-00119_Tissue,,Tissue,Fail,0.99764,90.371,,27.546,,5513774462030061924883,M05,98.354,44.271
HPL-00120_Tissue_225234_O5.CEL,HPL-00120_Tissue,,Tissue,Fail,0.99292,93.489,,21.588,,5513774462030061924883,O05,98.354,44.271
HPL-00121_Tissue_225234_A7.CEL,HPL-00121_Tissue,,Tissue,Fail,0.99528,93.824,,21.5,,5513774462030061924883,A07,98.354,44.271
HPL-00122_Tissue_225234_C7.CEL,HPL-00122_Tissue,,Tissue,Fail,0.99764,96.052,,21.355,,5513774462030061924883,C07,98.354,44.271
HPL-00123_Tissue_225234_E7.CEL,HPL-00123_Tissue,,Tissue,Fail,0.99528,96.868,,20.364,,5513774462030061924883,E07,98.354,44.271
HPL-00124_Tissue_225234_G7.CEL,HPL-00124_Tissue,,Tissue,Fail,1,91.333,,27.575,,5513774462030061924883,G07,98.354,44.271
HPL-00125_Tissue_225234_I7.CEL,HPL-00125_Tissue,,Tissue,Fail,0.99528,90.226,,28.23,,5513774462030061924883,I07,98.354,44.271
HPL-00126_Tissue_225234_K7.CEL,HPL-00126_Tissue,,Tissue,Fail,0.99528,91.814,,23.773,,5513774462030061924883,K07,98.354,44.271
HPL-00127_Tissue_225234_M7.CEL,HPL-00127_Tissue,,Tissue,Fail,0.99764,90.43,,27.502,,5513774462030061924883,M07,98.354,44.271
HPL-00128_Tissue_225234_O7.CEL,HPL-00128_Tissue,,Tissue,Pass,0.9033,97.495,98.033,18.776,18.858,5513774462030061924883,O07,98.354,44.271
HPL-00129_Tissue_225234_A9.CEL,HPL-00129_Tissue,,Tissue,Fail,0.99764,94.275,,20.787,,5513774462030061924883,A09,98.354,44.271
HPL-00130_Tissue_225234_C9.CEL,HPL-00130_Tissue,,Tissue,Fail,0.99764,94.581,,21.719,,5513774462030061924883,C09,98.354,44.271
HPL-00131_Tissue_225234_E9.CEL,HPL-00131_Tissue,,Tissue,Fail,0.98349,91.77,,23.467,,5513774462030061924883,E09,98.354,44.271
HPL-00132_Tissue_225234_G9.CEL,HPL-00132_Tissue,,Tissue,Fail,0.99764,89.862,,24.792,,5513774462030061924883,G09,98.354,44.271
HPL-00133_Tissue_225234_I9.CEL,HPL-00133_Tissue,,Tissue,Fail,1,90.284,,28.347,,5513774462030061924883,I09,98.354,44.271
HPL-00134_Tissue_225234_K9.CEL,HPL-00134_Tissue,,Tissue,Fail,0.99292,93.853,,21.34,,5513774462030061924883,K09,98.354,44.271
HPL-00135_Tissue_225234_M9.CEL,HPL-00135_Tissue,,Tissue,Fail,0.99764,90.896,,26.715,,5513774462030061924883,M09,98.354,44.271
HPL-00136_Tissue_225234_O9.CEL,HPL-00136_Tissue,,Tissue,Pass,0.86321,97.087,97.695,18.922,19.231,5513774462030061924883,O09,98.354,44.271
HPL-00137_Tissue_225234_A11.CEL,HPL-00137_Tissue,,Tissue,Fail,0.99764,89.585,,24.822,,5513774462030061924883,A11,98.354,44.271
HPL-00138_Tissue_225234_C11.CEL,HPL-00138_Tissue,,Tissue,Fail,0.97642,96.97,,19.898,,5513774462030061924883,C11,98.354,44.271
HPL-00139_Tissue_225234_E11.CEL,HPL-00139_Tissue,,Tissue,Fail,0.99528,91.275,,27.079,,5513774462030061924883,E11,98.354,44.271
HPL-00140_Tissue_225234_G11.CEL,HPL-00140_Tissue,,Tissue,Fail,1,91.508,,28.055,,5513774462030061924883,G11,98.354,44.271
HPL-00141_Tissue_225234_I11.CEL,HPL-00141_Tissue,,Tissue,Fail,0.99057,90.488,,25.535,,5513774462030061924883,I11,98.354,44.271
HPL-00142_Tissue_225234_K11.CEL,HPL-00142_Tissue,,Tissue,Fail,1,90.313,,24.807,,5513774462030061924883,K11,98.354,44.271
HPL-00143_Tissue_225234_M11.CEL,HPL-00143_Tissue,,Tissue,Fail,1,91.435,,24.05,,5513774462030061924883,M11,98.354,44.271
HPL-00144_Tissue_225234_O11.CEL,HPL-00144_Tissue,,Tissue,Pass,0.92217,97.582,98.177,18.966,19.167,5513774462030061924883,O11,98.354,44.271
HPL-00145_Tissue_225234_A13.CEL,HPL-00145_Tissue,,Tissue,Fail,1,92.076,,27.05,,5513774462030061924883,A13,98.354,44.271
HPL-00146_Tissue_225234_C13.CEL,HPL-00146_Tissue,,Tissue,Fail,0.99764,94.625,,21.894,,5513774462030061924883,C13,98.354,44.271
HPL-00147_Tissue_225234_E13.CEL,HPL-00147_Tissue,,Tissue,Fail,0.99764,90.517,,25.725,,5513774462030061924883,E13,98.354,44.271
HPL-00148_Tissue_225234_G13.CEL,HPL-00148_Tissue,,Tissue,Fail,1,91.857,,27.895,,5513774462030061924883,G13,98.354,44.271
HPL-00149_Tissue_225234_I13.CEL,HPL-00149_Tissue,,Tissue,Fail,0.99292,89.716,,27.007,,5513774462030061924883,I13,98.354,44.271
HPL-00150_Tissue_225234_K13.CEL,HPL-00150_Tissue,,Tissue,Fail,1,91.493,,27.604,,5513774462030061924883,K13,98.354,44.271
HPL-00151_Tissue_225234_M13.CEL,HPL-00151_Tissue,,Tissue,Fail,1,90.605,,28.405,,5513774462030061924883,M13,98.354,44.271
HPL-00152_Tissue_225234_O13.CEL,HPL-00152_Tissue,,Tissue,Pass,0.87736,97.815,98.174,18.966,18.912,5513774462030061924883,O13,98.354,44.271
HPL-00153_Tissue_225234_A15.CEL,HPL-00153_Tissue,,Tissue,Fail,0.99057,91.1,,26.162,,5513774462030061924883,A15,98.354,44.271
HPL-00154_Tissue_225234_C15.CEL,HPL-00154_Tissue,,Tissue,Fail,0.99292,91.056,,26.264,,5513774462030061924883,C15,98.354,44.271
HPL-00155_Tissue_225234_E15.CEL,HPL-00155_Tissue,,Tissue,Fail,0.99292,89.964,,25.564,,5513774462030061924883,E15,98.354,44.271
HPL-00156_Tissue_225234_G15.CEL,HPL-00156_Tissue,,Tissue,Fail,1,90.255,,26.293,,5513774462030061924883,G15,98.354,44.271
HPL-00157_Tissue_225234_I15.CEL,HPL-00157_Tissue,,Tissue,Fail,0.99292,91.493,,28.026,,5513774462030061924883,I15,98.354,44.271
HPL-00158_Tissue_225234_K15.CEL,HPL-00158_Tissue,,Tissue,Fail,0.99764,90.24,,26.497,,5513774462030061924883,K15,98.354,44.271
HPL-00159_Tissue_225234_M15.CEL,HPL-00159_Tissue,,Tissue,Fail,1,92.323,,27.502,,5513774462030061924883,M15,98.354,44.271
HPL-00160_Tissue_225234_O15.CEL,HPL-00160_Tissue,,Tissue,Fail,0.91981,96.446,,18.922,,5513774462030061924883,O15,98.354,44.271
HPL-00161_Tissue_225234_A17.CEL,HPL-00161_Tissue,,Tissue,Fail,0.99292,91.537,,27.502,,5513774462030061924883,A17,98.354,44.271
HPL-00162_Tissue_225234_C17.CEL,HPL-00162_Tissue,,Tissue,Fail,0.99764,91.974,,23.219,,5513774462030061924883,C17,98.354,44.271
HPL-00163_Tissue_225234_E17.CEL,HPL-00163_Tissue,,Tissue,Fail,0.99528,90.168,,26.773,,5513774462030061924883,E17,98.354,44.271
HPL-00164_Tissue_225234_G17.CEL,HPL-00164_Tissue,,Tissue,Fail,0.97642,95.513,,20.408,,5513774462030061924883,G17,98.354,44.271
HPL-00165_Tissue_225234_I17.CEL,HPL-00165_Tissue,,Tissue,Fail,1,92.032,,27.779,,5513774462030061924883,I17,98.354,44.271
HPL-00166_Tissue_225234_K17.CEL,HPL-00166_Tissue,,Tissue,Fail,1,91.245,,27.793,,5513774462030061924883,K17,98.354,44.271
HPL-00167_Tissue_225234_M17.CEL,HPL-00167_Tissue,,Tissue,Fail,0.99528,90.284,,28.347,,5513774462030061924883,M17,98.354,44.271
HPL-00168_Tissue_225234_O17.CEL,HPL-00168_Tissue,,Tissue,Fail,1,91.391,,27.72,,5513774462030061924883,O17,98.354,44.271
HPL-00169_Tissue_225234_A19.CEL,HPL-00169_Tissue,,Tissue,Pass,0.82311,97.189,97.646,18.66,19.029,5513774462030061924883,A19,98.354,44.271
HPL-00170_Tissue_225234_C19.CEL,HPL-00170_Tissue,,Tissue,Pass,0.89151,97.203,97.334,19.082,19.154,5513774462030061924883,C19,98.354,44.271
HPL-00171_Tissue_225234_E19.CEL,HPL-00171_Tissue,,Tissue,Fail,1,91.624,,26.846,,5513774462030061924883,E19,98.354,44.271
HPL-00172_Tissue_225234_G19.CEL,HPL-00172_Tissue,,Tissue,Fail,0.99764,90.444,,25.798,,5513774462030061924883,G19,98.354,44.271
HPL-00173_Tissue_225234_I19.CEL,HPL-00173_Tissue,,Tissue,Fail,1,91.566,,27.502,,5513774462030061924883,I19,98.354,44.271
HPL-00174_Tissue_225234_K19.CEL,HPL-00174_Tissue,,Tissue,Fail,1,91.814,,27.56,,5513774462030061924883,K19,98.354,44.271
HPL-00175_Tissue_225234_M19.CEL,HPL-00175_Tissue,,Tissue,Fail,1,91.61,,27.152,,5513774462030061924883,M19,98.354,44.271
HPL-00176_Tissue_225234_O19.CEL,HPL-00176_Tissue,,Tissue,Fail,1,92.192,,23.044,,5513774462030061924883,O19,98.354,44.271
HPL-00177_Tissue_225234_A21.CEL,HPL-00177_Tissue,,Tissue,Pass,0.92453,97.757,97.875,19.505,18.947,5513774462030061924883,A21,98.354,44.271
HPL-00178_Tissue_225234_C21.CEL,HPL-00178_Tissue,,Tissue,Pass,0.92453,97.917,98.074,18.339,19.005,5513774462030061924883,C21,98.354,44.271
HPL-00179_Tissue_225234_E21.CEL,HPL-00179_Tissue,,Tissue,Pass,0.83726,97.786,98.114,18.135,19.163,5513774462030061924883,E21,98.354,44.271
HPL-00180_Tissue_225234_G21.CEL,HPL-00180_Tissue,,Tissue,Fail,1,93.605,,21.602,,5513774462030061924883,G21,98.354,44.271
HPL-00181_Tissue_225234_I21.CEL,HPL-00181_Tissue,,Tissue,Pass,0.98821,97.99,98.208,18.704,19.468,5513774462030061924883,I21,98.354,44.271
HPL-00182_Tissue_225234_K21.CEL,HPL-00182_Tissue,,Tissue,Fail,0.99764,90.269,,25.127,,5513774462030061924883,K21,98.354,44.271
HPL-00183_Tissue_225234_M21.CEL,HPL-00183_Tissue,,Tissue,Fail,1,90.954,,23.583,,5513774462030061924883,M21,98.354,44.271
HPL-00184_Tissue_225234_O21.CEL,HPL-00184_Tissue,,Tissue,Fail,1,91.988,,23.467,,5513774462030061924883,O21,98.354,44.271
HPL-00185_Tissue_225234_A23.CEL,HPL-00185_Tissue,,Tissue,Pass,0.875,97.538,97.84,19.199,19.418,5513774462030061924883,A23,98.354,44.271
HPL-00186_Tissue_225234_C23.CEL,HPL-00186_Tissue,,Tissue,Pass,0.92689,97.713,97.982,18.704,19.052,5513774462030061924883,C23,98.354,44.271
HPL-00187_Tissue_225234_E23.CEL,HPL-00187_Tissue,,Tissue,Pass,0.96698,97.844,98.15,18.587,19.002,5513774462030061924883,E23,98.354,44.271
HPL-00188_Tissue_225234_G23.CEL,HPL-00188_Tissue,,Tissue,Fail,1,91.377,,24.224,,5513774462030061924883,G23,98.354,44.271
HPL-00189_Tissue_225234_I23.CEL,HPL-00189_Tissue,,Tissue,Fail,1,89.993,,26.511,,5513774462030061924883,I23,98.354,44.271
HPL-00190_Tissue_225234_K23.CEL,HPL-00190_Tissue,,Tissue,Fail,1,87.414,,31.449,,5513774462030061924883,K23,98.354,44.271
HPL-00191_Tissue_225234_M23.CEL,HPL-00191_Tissue,,Tissue,Fail,1,89.192,,35.193,,5513774462030061924883,M23,98.354,44.271
HPL-00192_Tissue_225234_O23.CEL,HPL-00192_Tissue,,Tissue,Fail,1,89.614,,36.489,,5513774462030061924883,O23,98.354,44.271
HPL-00193_Tissue_225234_A2.CEL,HPL-00193_Tissue,,Tissue,Pass,1,98.776,98.991,24.443,24.898,5513774462030061924883,A02,98.354,44.271
HPL-00194_Tissue_225234_C2.CEL,HPL-00194_Tissue,,Tissue,Pass,1,98.325,98.407,27.094,27.004,5513774462030061924883,C02,98.354,44.271
HPL-00195_Tissue_225234_E2.CEL,HPL-00195_Tissue,,Tissue,Pass,1,97.014,97.592,24.996,25.769,5513774462030061924883,E02,98.354,44.271
HPL-00196_Tissue_225234_G2.CEL,HPL-00196_Tissue,,Tissue,Fail,1,95.178,,27.677,,5513774462030061924883,G02,98.354,44.271
HPL-00197_Tissue_225234_I2.CEL,HPL-00197_Tissue,,Tissue,Fail,1,94.334,,27.298,,5513774462030061924883,I02,98.354,44.271
HPL-00198_Tissue_225234_K2.CEL,HPL-00198_Tissue,,Tissue,Pass,1,97.509,98.001,27.036,27.013,5513774462030061924883,K02,98.354,44.271
HPL-00199_Tissue_225234_M2.CEL,HPL-00199_Tissue,,Tissue,Fail,1,96.271,,29.352,,5513774462030061924883,M02,98.354,44.271
HPL-00200_Tissue_225234_O2.CEL,HPL-00200_Tissue,,Tissue,Fail,1,93.503,,29.527,,5513774462030061924883,O02,98.354,44.271
HPL-00201_Tissue_225234_A4.CEL,HPL-00201_Tissue,,Tissue,Pass,1,98.354,98.727,25.419,25.464,5513774462030061924883,A04,98.354,44.271
HPL-00202_Tissue_225234_C4.CEL,HPL-00202_Tissue,,Tissue,Pass,0.97642,98.645,98.804,26.672,26.016,5513774462030061924883,C04,98.354,44.271
HPL-00203_Tissue_225234_E4.CEL,HPL-00203_Tissue,,Tissue,Pass,0.99292,99.097,99.159,25.04,24.796,5513774462030061924883,E04,98.354,44.271
HPL-00204_Tissue_225234_G4.CEL,HPL-00204_Tissue,,Tissue,Pass,0.99528,98.645,98.848,26.963,26.233,5513774462030061924883,G04,98.354,44.271
HPL-00205_Tissue_225234_I4.CEL,HPL-00205_Tissue,,Tissue,Pass,0.98113,98.194,98.633,27.269,27.074,5513774462030061924883,I04,98.354,44.271
HPL-00206_Tissue_225234_K4.CEL,HPL-00206_Tissue,,Tissue,Pass,0.99764,98.849,99.089,28.711,27.778,5513774462030061924883,K04,98.354,44.271
HPL-00207_Tissue_225234_M4.CEL,HPL-00207_Tissue,,Tissue,Pass,0.99528,98.922,99.059,28.565,27.601,5513774462030061924883,M04,98.354,44.271
HPL-00208_Tissue_225234_O4.CEL,HPL-00208_Tissue,,Tissue,Pass,1,98.82,98.877,25.317,25.16,5513774462030061924883,O04,98.354,44.271
HPL-00209_Tissue_225234_A6.CEL,HPL-00209_Tissue,,Tissue,Fail,1,96.65,,28.521,,5513774462030061924883,A06,98.354,44.271
HPL-00210_Tissue_225234_C6.CEL,HPL-00210_Tissue,,Tissue,Pass,0.99292,98.514,98.839,26.948,26.385,5513774462030061924883,C06,98.354,44.271
HPL-00211_Tissue_225234_E6.CEL,HPL-00211_Tissue,,Tissue,Pass,1,97.189,97.617,25.186,26.293,5513774462030061924883,E06,98.354,44.271
HPL-00212_Tissue_225234_G6.CEL,HPL-00212_Tissue,,Tissue,Fail,0.99528,88.609,,34.712,,5513774462030061924883,G06,98.354,44.271
HPL-00213_Tissue_225234_I6.CEL,HPL-00213_Tissue,,Tissue,Pass,0.98585,98.456,98.809,26.293,25.849,5513774462030061924883,I06,98.354,44.271
HPL-00214_Tissue_225234_K6.CEL,HPL-00214_Tissue,,Tissue,Pass,0.99764,99.097,99.127,26.016,25.639,5513774462030061924883,K06,98.354,44.271
HPL-00215_Tissue_225234_M6.CEL,HPL-00215_Tissue,,Tissue,Pass,1,99.141,99.126,25.739,25.769,5513774462030061924883,M06,98.354,44.271
HPL-00216_Tissue_225234_O6.CEL,HPL-00216_Tissue,,Tissue,Fail,1,94.057,,28.886,,5513774462030061924883,O06,98.354,44.271
HPL-00217_Tissue_225234_A8.CEL,HPL-00217_Tissue,,Tissue,Pass,1,99.155,99.2,25.972,25.2,5513774462030061924883,A08,98.354,44.271
HPL-00218_Tissue_225234_C8.CEL,HPL-00218_Tissue,,Tissue,Pass,0.97642,98.587,98.792,24.924,24.687,5513774462030061924883,C08,98.354,44.271
HPL-00219_Tissue_225234_E8.CEL,HPL-00219_Tissue,,Tissue,Pass,1,98.543,98.863,25.477,25.256,5513774462030061924883,E08,98.354,44.271
HPL-00220_Tissue_225234_G8.CEL,HPL-00220_Tissue,,Tissue,Pass,0.99764,98.048,98.126,26.016,26.206,5513774462030061924883,G08,98.354,44.271
HPL-00221_Tissue_225234_I8.CEL,HPL-00221_Tissue,,Tissue,Pass,1,98.995,99.03,27.036,25.915,5513774462030061924883,I08,98.354,44.271
HPL-00222_Tissue_225234_K8.CEL,HPL-00222_Tissue,,Tissue,Pass,1,98.019,98.334,25.798,25.629,5513774462030061924883,K08,98.354,44.271
HPL-00223_Tissue_225234_M8.CEL,HPL-00223_Tissue,,Tissue,Pass,0.99528,99.068,99.164,27.094,26.264,5513774462030061924883,M08,98.354,44.271
HPL-00224_Tissue_225234_O8.CEL,HPL-00224_Tissue,,Tissue,Pass,1,98.048,98.356,26.133,26.432,5513774462030061924883,O08,98.354,44.271
HPL-00225_Tissue_225234_A10.CEL,HPL-00225_Tissue,,Tissue,Pass,1,97.917,98.353,28.216,28.123,5513774462030061924883,A10,98.354,44.271
HPL-00226_Tissue_225234_C10.CEL,HPL-00226_Tissue,,Tissue,Pass,0.99057,98.966,99.068,24.195,24.663,5513774462030061924883,C10,98.354,44.271
HPL-00227_Tissue_225234_E10.CEL,HPL-00227_Tissue,,Tissue,Pass,0.99528,99.009,99.156,25.812,25.379,5513774462030061924883,E10,98.354,44.271
HPL-00228_Tissue_225234_G10.CEL,HPL-00228_Tissue,,Tissue,Fail,1,90.721,,31.682,,5513774462030061924883,G10,98.354,44.271
HPL-00229_Tissue_225234_I10.CEL,HPL-00229_Tissue,,Tissue,Pass,0.99528,98.835,98.883,25.506,25.359,5513774462030061924883,I10,98.354,44.271
HPL-00230_Tissue_225234_K10.CEL,HPL-00230_Tissue,,Tissue,Pass,1,98.602,98.874,26.264,25.775,5513774462030061924883,K10,98.354,44.271
HPL-00231_Tissue_225234_M10.CEL,HPL-00231_Tissue,,Tissue,Pass,0.96698,97.742,98.466,25.171,24.792,5513774462030061924883,M10,98.354,44.271
HPL-00232_Tissue_225234_O10.CEL,HPL-00232_Tissue,,Tissue,Fail,1,94.902,,27.881,,5513774462030061924883,O10,98.354,44.271
HPL-00233_Tissue_225234_A12.CEL,HPL-00233_Tissue,,Tissue,Pass,1,98.718,98.63,25.361,25.619,5513774462030061924883,A12,98.354,44.271
HPL-00234_Tissue_225234_C12.CEL,HPL-00234_Tissue,,Tissue,Pass,0.99292,99.126,99.2,25.39,24.831,5513774462030061924883,C12,98.354,44.271
HPL-00235_Tissue_225234_E12.CEL,HPL-00235_Tissue,,Tissue,Pass,0.99764,98.237,98.523,26.73,26.411,5513774462030061924883,E12,98.354,44.271
HPL-00236_Tissue_225234_G12.CEL,HPL-00236_Tissue,,Tissue,Fail,1,96.664,,25.987,,5513774462030061924883,G12,98.354,44.271
HPL-00237_Tissue_225234_I12.CEL,HPL-00237_Tissue,,Tissue,Fail,0.99528,96.65,,27.342,,5513774462030061924883,I12,98.354,44.271
HPL-00238_Tissue_225234_K12.CEL,HPL-00238_Tissue,,Tissue,Fail,0.99764,95.018,,28.07,,5513774462030061924883,K12,98.354,44.271
HPL-00239_Tissue_225234_M12.CEL,HPL-00239_Tissue,,Tissue,Pass,0.99057,98.995,99.053,26.73,25.974,5513774462030061924883,M12,98.354,44.271
HPL-00240_Tissue_225234_O12.CEL,HPL-00240_Tissue,,Tissue,Pass,1,98.106,98.34,27.152,27.035,5513774462030061924883,O12,98.354,44.271
HPL-00241_Tissue_225234_A14.CEL,HPL-00241_Tissue,,Tissue,Pass,1,97.786,98.041,26.089,26.672,5513774462030061924883,A14,98.354,44.271
HPL-00242_Tissue_225234_C14.CEL,HPL-00242_Tissue,,Tissue,Pass,0.99057,98.995,99.032,24.661,24.162,5513774462030061924883,C14,98.354,44.271
HPL-00243_Tissue_225234_E14.CEL,HPL-00243_Tissue,,Tissue,Pass,1,98.995,99.045,26.963,26.783,5513774462030061924883,E14,98.354,44.271
HPL-00244_Tissue_225234_G14.CEL,HPL-00244_Tissue,,Tissue,Pass,1,98.281,98.449,24.894,25.499,5513774462030061924883,G14,98.354,44.271
HPL-00245_Tissue_225234_I14.CEL,HPL-00245_Tissue,,Tissue,Pass,0.99764,99.009,99.155,24.72,25.095,5513774462030061924883,I14,98.354,44.271
HPL-00246_Tissue_225234_K14.CEL,HPL-00246_Tissue,,Tissue,Pass,1,98.383,98.713,25.637,25.745,5513774462030061924883,K14,98.354,44.271
HPL-00247_Tissue_225234_M14.CEL,HPL-00247_Tissue,,Tissue,Pass,1,98.427,98.584,26.001,25.402,5513774462030061924883,M14,98.354,44.271
HPL-00248_Tissue_225234_O14.CEL,HPL-00248_Tissue,,Tissue,Pass,1,98.048,98.387,26.424,27.302,5513774462030061924883,O14,98.354,44.271
HPL-00249_Tissue_225234_A16.CEL,HPL-00249_Tissue,,Tissue,Pass,1,98.31,98.493,27.429,27.261,5513774462030061924883,A16,98.354,44.271
HPL-00250_Tissue_225234_C16.CEL,HPL-00250_Tissue,,Tissue,Pass,0.99292,98.951,99.086,26.089,25.972,5513774462030061924883,C16,98.354,44.271
HPL-00251_Tissue_225234_E16.CEL,HPL-00251_Tissue,,Tissue,Pass,0.99764,98.995,99.001,25.361,24.924,5513774462030061924883,E16,98.354,44.271
HPL-00252_Tissue_225234_G16.CEL,HPL-00252_Tissue,,Tissue,Pass,1,98.004,98.391,26.395,25.64,5513774462030061924883,G16,98.354,44.271
HPL-00253_Tissue_225234_I16.CEL,HPL-00253_Tissue,,Tissue,Pass,0.99764,98.296,98.687,26.162,26.024,5513774462030061924883,I16,98.354,44.271
HPL-00254_Tissue_225234_K16.CEL,HPL-00254_Tissue,,Tissue,Pass,0.99764,98.849,98.982,25.535,25.654,5513774462030061924883,K16,98.354,44.271
HPL-00255_Tissue_225234_M16.CEL,HPL-00255_Tissue,,Tissue,Pass,0.99764,98.835,98.936,26.482,26.71,5513774462030061924883,M16,98.354,44.271
HPL-00256_Tissue_225234_O16.CEL,HPL-00256_Tissue,,Tissue,Pass,1,98.645,98.939,25.419,24.924,5513774462030061924883,O16,98.354,44.271
HPL-00257_Tissue_225234_A18.CEL,HPL-00257_Tissue,,Tissue,Pass,1,98.572,98.695,25.914,25.514,5513774462030061924883,A18,98.354,44.271
HPL-00258_Tissue_225234_C18.CEL,HPL-00258_Tissue,,Tissue,Pass,0.99292,98.645,99.044,28.012,27.366,5513774462030061924883,C18,98.354,44.271
HPL-00259_Tissue_225234_E18.CEL,HPL-00259_Tissue,,Tissue,Fail,1,92.6,,29.978,,5513774462030061924883,E18,98.354,44.271
HPL-00260_Tissue_225234_G18.CEL,HPL-00260_Tissue,,Tissue,Pass,1,98.5,98.671,28.813,27.901,5513774462030061924883,G18,98.354,44.271
HPL-00261_Tissue_225234_I18.CEL,HPL-00261_Tissue,,Tissue,Pass,0.99292,98.791,99.103,24.603,24.611,5513774462030061924883,I18,98.354,44.271
HPL-00262_Tissue_225234_K18.CEL,HPL-00262_Tissue,,Tissue,Pass,0.98349,98.864,99.129,24.894,24.972,5513774462030061924883,K18,98.354,44.271
HPL-00263_Tissue_225234_M18.CEL,HPL-00263_Tissue,,Tissue,Fail,1,96.504,,30.648,,5513774462030061924883,M18,98.354,44.271
HPL-00264_Tissue_225234_O18.CEL,HPL-00264_Tissue,,Tissue,Pass,1,98.602,98.558,26.293,26.107,5513774462030061924883,O18,98.354,44.271
HPL-00265_Tissue_225234_A20.CEL,HPL-00265_Tissue,,Tissue,Pass,0.99292,99.039,99.071,24.428,23.98,5513774462030061924883,A20,98.354,44.271
HPL-00266_Tissue_225234_C20.CEL,HPL-00266_Tissue,,Tissue,Pass,0.99764,98.747,98.693,26.264,25.972,5513774462030061924883,C20,98.354,44.271
HPL-00267_Tissue_225234_E20.CEL,HPL-00267_Tissue,,Tissue,Pass,0.98821,98.66,98.894,26.977,26.716,5513774462030061924883,E20,98.354,44.271
HPL-00268_Tissue_225234_G20.CEL,HPL-00268_Tissue,,Tissue,Pass,0.99292,99.126,99.004,24.865,24.808,5513774462030061924883,G20,98.354,44.271
HPL-00269_Tissue_225234_I20.CEL,HPL-00269_Tissue,,Tissue,Pass,0.99292,98.631,98.98,27.647,27.751,5513774462030061924883,I20,98.354,44.271
HPL-00270_Tissue_225234_K20.CEL,HPL-00270_Tissue,,Tissue,Pass,1,99.009,98.932,25.958,26.364,5513774462030061924883,K20,98.354,44.271
HPL-00271_Tissue_225234_M20.CEL,HPL-00271_Tissue,,Tissue,Pass,0.98349,98.791,98.977,27.312,26.522,5513774462030061924883,M20,98.354,44.271
HPL-00272_Tissue_225234_O20.CEL,HPL-00272_Tissue,,Tissue,Pass,0.99764,97.684,98.057,25.331,25.044,5513774462030061924883,O20,98.354,44.271
HPL-00273_Tissue_225234_A22.CEL,HPL-00273_Tissue,,Tissue,Pass,0.99528,98.849,99.035,24.865,25.127,5513774462030061924883,A22,98.354,44.271
HPL-00274_Tissue_225234_C22.CEL,HPL-00274_Tissue,,Tissue,Pass,0.99528,98.747,99.014,25.827,24.942,5513774462030061924883,C22,98.354,44.271
HPL-00275_Tissue_225234_E22.CEL,HPL-00275_Tissue,,Tissue,Pass,0.99764,99.068,99.173,24.297,24.323,5513774462030061924883,E22,98.354,44.271
HPL-00276_Tissue_225234_G22.CEL,HPL-00276_Tissue,,Tissue,Pass,0.99528,98.791,98.765,26.948,26.954,5513774462030061924883,G22,98.354,44.271
HPL-00277_Tissue_225234_I22.CEL,HPL-00277_Tissue,,Tissue,Pass,1,98.296,98.702,26.803,26.798,5513774462030061924883,I22,98.354,44.271
HPL-00278_Tissue_225234_K22.CEL,HPL-00278_Tissue,,Tissue,Pass,0.99764,99.476,99.311,25.39,24.733,5513774462030061924883,K22,98.354,44.271
HPL-00279_Tissue_225234_M22.CEL,HPL-00279_Tissue,,Tissue,Fail,0.99764,96.766,,27.429,,5513774462030061924883,M22,98.354,44.271
HPL-00280_Tissue_225234_O22.CEL,HPL-00280_Tissue,,Tissue,Fail,1,92.658,,31.493,,5513774462030061924883,O22,98.354,44.271
HPL-00281_Tissue_225234_A24.CEL,HPL-00281_Tissue,,Tissue,Pass,0.99528,98.004,98.364,24.734,25.039,5513774462030061924883,A24,98.354,44.271
HPL-00282_Tissue_225234_C24.CEL,HPL-00282_Tissue,,Tissue,Pass,1,97.611,97.913,26.103,26.211,5513774462030061924883,C24,98.354,44.271
HPL-00283_Tissue_225234_E24.CEL,HPL-00283_Tissue,,Tissue,Pass,1,98.543,98.91,26.526,26.557,5513774462030061924883,E24,98.354,44.271
HPL-00284_Tissue_225234_G24.CEL,HPL-00284_Tissue,,Tissue,Pass,1,97.48,98.101,26.715,26.792,5513774462030061924883,G24,98.354,44.271
HPL-00285_Tissue_225234_I24.CEL,HPL-00285_Tissue,,Tissue,Pass,1,99.126,99.02,25.404,25.496,5513774462030061924883,I24,98.354,44.271
HPL-00286_Tissue_225234_K24.CEL,HPL-00286_Tissue,,Tissue,Pass,1,98.514,98.484,26.162,26.406,5513774462030061924883,K24,98.354,44.271
HPL-00287_Tissue_225234_M24.CEL,HPL-00287_Tissue,,Tissue,Pass,0.99764,99.213,99.223,24.632,24.465,5513774462030061924883,M24,98.354,44.271
,HPL-00288_Tissue,,Tissue,Scan Failure,,,,,,,,,
HPL-00289_Tissue_225234_B2.CEL,HPL-00289_Tissue,,Tissue,Fail,1,90.43,,29.92,,5513774462030061924883,B02,98.354,44.271
HPL-00290_Tissue_225234_D2.CEL,HPL-00290_Tissue,,Tissue,Pass,0.99528,98.587,98.915,27.691,26.965,5513774462030061924883,D02,98.354,44.271
HPL-00291_Tissue_225234_F2.CEL,HPL-00291_Tissue,,Tissue,Pass,0.99057,98.165,98.63,25.535,25.394,5513774462030061924883,F02,98.354,44.271
HPL-00292_Tissue_225234_H2.CEL,HPL-00292_Tissue,,Tissue,Fail,1,89.614,,32.236,,5513774462030061924883,H02,98.354,44.271
HPL-00293_Tissue_225234_J2.CEL,HPL-00293_Tissue,,Tissue,Fail,1,90.969,,29.104,,5513774462030061924883,J02,98.354,44.271
HPL-00294_Tissue_225234_L2.CEL,HPL-00294_Tissue,,Tissue,Fail,1,88.157,,33.066,,5513774462030061924883,L02,98.354,44.271
HPL-00295_Tissue_225234_N2.CEL,HPL-00295_Tissue,,Tissue,Pass,0.98821,98.194,98.548,27.181,26.626,5513774462030061924883,N02,98.354,44.271
HPL-00296_Tissue_225234_P2.CEL,HPL-00296_Tissue,,Tissue,Fail,1,90.867,,29.745,,5513774462030061924883,P02,98.354,44.271
HPL-00297_Tissue_225234_B4.CEL,HPL-00297_Tissue,,Tissue,Fail,0.99764,90.459,,34.319,,5513774462030061924883,B04,98.354,44.271
HPL-00298_Tissue_225234_D4.CEL,HPL-00298_Tissue,,Tissue,Fail,1,90.43,,31.26,,5513774462030061924883,D04,98.354,44.271
HPL-00299_Tissue_225234_F4.CEL,HPL-00299_Tissue,,Tissue,Fail,0.99764,91.158,,32.993,,5513774462030061924883,F04,98.354,44.271
HPL-00300_Tissue_225234_H4.CEL,HPL-00300_Tissue,,Tissue,Fail,1,96.009,,28.623,,5513774462030061924883,H04,98.354,44.271
HPL-00301_Tissue_225234_J4.CEL,HPL-00301_Tissue,,Tissue,Fail,0.98821,93.576,,28.74,,5513774462030061924883,J04,98.354,44.271
HPL-00302_Tissue_225234_L4.CEL,HPL-00302_Tissue,,Tissue,Fail,1,91.595,,31.464,,5513774462030061924883,L04,98.354,44.271
HPL-00303_Tissue_225234_N4.CEL,HPL-00303_Tissue,,Tissue,Pass,0.94811,97.873,98.466,28.055,27.548,5513774462030061924883,N04,98.354,44.271
HPL-00304_Tissue_225234_P4.CEL,HPL-00304_Tissue,,Tissue,Fail,1,91.406,,28.944,,5513774462030061924883,P04,98.354,44.271
HPL-00305_Tissue_225234_B6.CEL,HPL-00305_Tissue,,Tissue,Fail,1,89.599,,34.115,,5513774462030061924883,B06,98.354,44.271
HPL-00306_Tissue_225234_D6.CEL,HPL-00306_Tissue,,Tissue,Fail,1,90.473,,31.886,,5513774462030061924883,D06,98.354,44.271
HPL-00307_Tissue_225234_F6.CEL,HPL-00307_Tissue,,Tissue,Fail,0.99764,96.839,,30.022,,5513774462030061924883,F06,98.354,44.271
HPL-00308_Tissue_225234_H6.CEL,HPL-00308_Tissue,,Tissue,Fail,0.99764,90.328,,34.275,,5513774462030061924883,H06,98.354,44.271
HPL-00309_Tissue_225234_J6.CEL,HPL-00309_Tissue,,Tissue,Fail,0.99528,87.851,,37.655,,5513774462030061924883,J06,98.354,44.271
HPL-00310_Tissue_225234_L6.CEL,HPL-00310_Tissue,,Tissue,Fail,1,91.216,,32.527,,5513774462030061924883,L06,98.354,44.271
HPL-00311_Tissue_225234_N6.CEL,HPL-00311_Tissue,,Tissue,Fail,1,90.211,,31.464,,5513774462030061924883,N06,98.354,44.271
HPL-00312_Tissue_225234_P6.CEL,HPL-00312_Tissue,,Tissue,Fail,1,93.722,,29.323,,5513774462030061924883,P06,98.354,44.271
HPL-00313_Tissue_225234_B8.CEL,HPL-00313_Tissue,,Tissue,Pass,0.99528,97.626,97.971,27.473,27.077,5513774462030061924883,B08,98.354,44.271
HPL-00314_Tissue_225234_D8.CEL,HPL-00314_Tissue,,Tissue,Fail,0.99764,89.818,,32.323,,5513774462030061924883,D08,98.354,44.271
HPL-00315_Tissue_225234_F8.CEL,HPL-00315_Tissue,"HPL Biospsy 2022, 2 Add (tissue)",Tissue,Fail,0.99764,90.43,,34.567,,5513774462030061924883,F08,98.354,44.271
HPL-00316_Tissue_225234_H8.CEL,HPL-00316_Tissue,"HPL Biospsy 2022, 9 Add (tissue)",Tissue,Fail,0.99764,89.337,,36.824,,5513774462030061924883,H08,98.354,44.271
HPL-00317_Tissue_225234_J8.CEL,HPL-00317_Tissue,"HPL Biospsy 2022, 53 Add (tissue)",Tissue,Fail,0.99764,90.007,,33.955,,5513774462030061924883,J08,98.354,44.271
HPL-00318_Tissue_225234_L8.CEL,HPL-00318_Tissue,"HPL Biospsy 2022, 8 Add (tissue)",Tissue,Fail,0.99764,88.143,,38.456,,5513774462030061924883,L08,98.354,44.271
HPL-00319_Tissue_225234_N8.CEL,HPL-00319_Tissue,"HPL Biospsy 2022, 28e Add (tissue)",Tissue,Fail,0.99764,90.59,,34.479,,5513774462030061924883,N08,98.354,44.271
HPL-00320_Tissue_225234_P8.CEL,HPL-00320_Tissue,"HPL Biospsy 2022, 40e Add (tissue)",Tissue,Fail,1,89.425,,32.906,,5513774462030061924883,P08,98.354,44.271
HPL-00321_Tissue_225234_B10.CEL,HPL-00321_Tissue,"HPL Biospsy 2022, 5e Add (tissue)",Tissue,Fail,1,89.672,,30.473,,5513774462030061924883,B10,98.354,44.271
HPL-00322_DNA_225234_D10.CEL,HPL-00322_DNA,"HPL Biospsy 2022, 4 Brush (DNA)",DNA,Fail,1,94.29,,31.187,,5513774462030061924883,D10,98.354,44.271
HPL-00323_DNA_225234_F10.CEL,HPL-00323_DNA,"HPL Biospsy 2022, 18 Brush (DNA)",DNA,Pass,0.99764,98.602,98.821,25.929,25.262,5513774462030061924883,F10,98.354,44.271
HPL-00324_DNA_225234_H10.CEL,HPL-00324_DNA,"HPL Biospsy 2022, 8 Brush (DNA)",DNA,Pass,0.99528,97.465,98.068,29.599,29.534,5513774462030061924883,H10,98.354,44.271
HPL-00325_DNA_225234_J10.CEL,HPL-00325_DNA,"HPL Biospsy 2022, B2 Brush (DNA)",DNA,Pass,0.98113,98.267,98.819,27.618,26.942,5513774462030061924883,J10,98.354,44.271
HPL-00326_DNA_225234_L10.CEL,HPL-00326_DNA,"HPL Biospsy 2022, 8b Brush (DNA)",DNA,Pass,0.99528,98.004,98.546,29.177,28.976,5513774462030061924883,L10,98.354,44.271
HPL-00327_DNA_225234_N10.CEL,HPL-00327_DNA,"HPL Biospsy 2022, 3 Brush (DNA)",DNA,Pass,0.98113,98.383,98.865,25.477,25.588,5513774462030061924883,N10,98.354,44.271
HPL-00328_DNA_225234_P10.CEL,HPL-00328_DNA,"HPL Biospsy 2022, 50 Brush (DNA)",DNA,Pass,0.98349,98.951,99.071,29.556,29.131,5513774462030061924883,P10,98.354,44.271
HPL-00329_DNA_225234_B12.CEL,HPL-00329_DNA,"HPL Biospsy 2022, 53 Brush (DNA)",DNA,Pass,0.98349,98.325,98.704,26.133,25.963,5513774462030061924883,B12,98.354,44.271
HPL-00330_DNA_225234_D12.CEL,HPL-00330_DNA,"HPL Biospsy 2022, 44 Mantle (DNA)",DNA,Pass,0.98821,98.427,98.683,28.114,27.577,5513774462030061924883,D12,98.354,44.271
HPL-00331_DNA_225234_F12.CEL,HPL-00331_DNA,"HPL Biospsy 2022, 25 Mantle (DNA)",DNA,Pass,0.99764,98.179,98.318,26.905,26.881,5513774462030061924883,F12,98.354,44.271
HPL-00332_DNA_225234_H12.CEL,HPL-00332_DNA,"HPL Biospsy 2022, 9 Mantle (DNA)",DNA,Pass,0.99057,98.383,98.815,27.502,27.387,5513774462030061924883,H12,98.354,44.271
HPL-00333_DNA_225234_J12.CEL,HPL-00333_DNA,"HPL Biospsy 2022, 2 Mantle (DNA)",DNA,Pass,0.99528,98.645,98.809,28.653,28.335,5513774462030061924883,J12,98.354,44.271
HPL-00334_DNA_225234_L12.CEL,HPL-00334_DNA,"HPL Biospsy 2022, 34 Mantle (DNA)",DNA,Pass,0.99292,97.859,98.312,27.647,27.686,5513774462030061924883,L12,98.354,44.271
HPL-00335_DNA_225234_N12.CEL,HPL-00335_DNA,"HPL Biospsy 2022, B3 Mantle (DNA)",DNA,Pass,0.98821,98.31,98.831,24.996,25.104,5513774462030061924883,N12,98.354,44.271
HPL-00336_DNA_225234_P12.CEL,HPL-00336_DNA,"HPL Biospsy 2022, 24 Mantle (DNA)",DNA,Pass,0.98585,98.194,98.485,28.143,27.939,5513774462030061924883,P12,98.354,44.271
HPL-00337_DNA_225234_B14.CEL,HPL-00337_DNA,"HPL Biospsy 2022, 27 Mantle (DNA)",DNA,Pass,0.99292,98.674,99.042,28.973,28.564,5513774462030061924883,B14,98.354,44.271
HPL-00338_DNA_225234_D14.CEL,HPL-00338_DNA,"HPL Biospsy 2022, 6 Brush (DNA)",DNA,Pass,0.99292,98.398,98.86,25.477,25.573,5513774462030061924883,D14,98.354,44.271
HPL-00339_DNA_225234_F14.CEL,HPL-00339_DNA,"HPL Biospsy 2022, 6 Brush (DNA)",DNA,Pass,0.99528,98.383,98.857,25.535,25.619,5513774462030061924883,F14,98.354,44.271
HPL-00340_DNA_225234_H14.CEL,HPL-00340_DNA,"HPL Biospsy 2022, 5 eDNA (DNA)",DNA,Fail,0.88208,88.536,,32.746,,5513774462030061924883,H14,98.354,44.271
HPL-00341_DNA_225234_J14.CEL,HPL-00341_DNA,"HPL Biospsy 2022, 28 eDNA (DNA)",DNA,Fail,0.88208,94.232,,29.337,,5513774462030061924883,J14,98.354,44.271
HPL-00342_DNA_225234_L14.CEL,HPL-00342_DNA,"HPL Biospsy 2022, 41 eDNA (DNA)",DNA,Fail,0.24528,,,,,5513774462030061924883,L14,98.354,44.271
HPL-00343_DNA_225234_N14.CEL,HPL-00343_DNA,"HPL Biospsy 2022, 30 eDNA (DNA)",DNA,Fail,0.83255,86.38,,35.499,,5513774462030061924883,N14,98.354,44.271
HPL-00344_DNA_225234_P14.CEL,HPL-00344_DNA,"HPL Biospsy 2022, 38 eDNA (DNA)",DNA,Fail,0.83491,90.896,,32.921,,5513774462030061924883,P14,98.354,44.271
HPL-00345_DNA_225234_B16.CEL,HPL-00345_DNA,"HPL Biospsy 2022, 42 eDNA (DNA)",DNA,Fail,0.87028,85.841,,38.951,,5513774462030061924883,B16,98.354,44.271
HPL-00346_DNA_225234_D16.CEL,HPL-00346_DNA,"HPL Biospsy 2022, 40 eDNA (DNA)",DNA,Fail,0.625,,,,,5513774462030061924883,D16,98.354,44.271
HPL-00347_DNA_225234_F16.CEL,HPL-00347_DNA,"HPL Biospsy 2022, 48 eDNA (DNA)",DNA,Fail,0.53302,,,,,5513774462030061924883,F16,98.354,44.271
HPL-00348_DNA_225234_H16.CEL,HPL-00348_DNA,"HPL Biospsy 2022, 17 eDNA (DNA)",DNA,Fail,0.43632,,,,,5513774462030061924883,H16,98.354,44.271
HPL-00349_DNA_225234_J16.CEL,HPL-00349_DNA,"HPL Biospsy 2022, 43 eDNA (DNA)",DNA,Fail,0.28538,,,,,5513774462030061924883,J16,98.354,44.271
HPL-00350_DNA_225234_L16.CEL,HPL-00350_DNA,"HPL Biospsy 2022, 40 Add (DNA)",DNA,Pass,0.98821,98.572,98.69,28.114,27.888,5513774462030061924883,L16,98.354,44.271
HPL-00351_DNA_225234_N16.CEL,HPL-00351_DNA,"HPL Biospsy 2022, 50 Add (DNA)",DNA,Pass,0.98349,98.98,99.086,29.541,29.094,5513774462030061924883,N16,98.354,44.271
HPL-00352_DNA_225234_P16.CEL,HPL-00352_DNA,"HPL Biospsy 2022, 5 Add (DNA)",DNA,Pass,0.97877,98.776,98.572,23.525,22.823,5513774462030061924883,P16,98.354,44.271
HPL-00353_DNA_225234_B18.CEL,HPL-00353_DNA,"HPL Biospsy 2022, 34 Add (DNA)",DNA,Pass,0.99528,98.82,99.07,27.312,27.27,5513774462030061924883,B18,98.354,44.271
HPL-00354_DNA_225234_D18.CEL,HPL-00354_DNA,"HPL Biospsy 2022, 41 Add (DNA)",DNA,Pass,0.99764,98.878,99.006,29.731,29.515,5513774462030061924883,D18,98.354,44.271
HPL-00355_DNA_225234_F18.CEL,HPL-00355_DNA,"HPL Biospsy 2022, 24 Add (DNA)",DNA,Pass,0.99764,97.407,98.165,28.755,29.093,5513774462030061924883,F18,98.354,44.271
HPL-00356_DNA_225234_H18.CEL,HPL-00356_DNA,"HPL Biospsy 2022, 42 Add (DNA)",DNA,Pass,0.99292,97.611,98.082,28.288,28.135,5513774462030061924883,H18,98.354,44.271
HPL-00357_DNA_225234_J18.CEL,HPL-00357_DNA,"HPL Biospsy 2022, 44 Add (DNA)",DNA,Pass,0.99764,98.922,99.02,28.594,27.804,5513774462030061924883,J18,98.354,44.271
HPL-00358_DNA_225234_L18.CEL,HPL-00358_DNA,"HPL Biospsy 2022, 28 Add (DNA)",DNA,Pass,0.99528,98.325,98.678,27.779,27.463,5513774462030061924883,L18,98.354,44.271
HPL-00359_DNA_225234_N18.CEL,HPL-00359_DNA,"HPL Biospsy 2022, 17 Add (DNA)",DNA,Pass,0.97877,98.412,98.762,27.575,27.771,5513774462030061924883,N18,98.354,44.271
HPL-00360_DNA_225234_P18.CEL,HPL-00360_DNA,"HPL Biospsy 2022, 18 Add (DNA)",DNA,Pass,0.98585,98.689,98.763,25.725,24.94,5513774462030061924883,P18,98.354,44.271
HPL-00361_DNA_225234_B20.CEL,HPL-00361_DNA,"HPL Biospsy 2022, 30 Add (DNA)",DNA,Pass,0.99528,98.674,99.018,27.808,27.061,5513774462030061924883,B20,98.354,44.271
HPL-00362_DNA_225234_D20.CEL,HPL-00362_DNA,"HPL Biospsy 2022, 25 Add (DNA)",DNA,Pass,0.99764,98.485,98.827,25.87,25.833,5513774462030061924883,D20,98.354,44.271
HPL-00363_DNA_225234_F20.CEL,HPL-00363_DNA,"HPL Biospsy 2022, 53 Add (DNA)",DNA,Pass,0.99057,98.543,98.753,26.118,25.799,5513774462030061924883,F20,98.354,44.271
HPL-00364_DNA_225234_H20.CEL,HPL-00364_DNA,"HPL Biospsy 2022, 4 Add (DNA)",DNA,Pass,0.99057,98.383,98.683,27.589,27.288,5513774462030061924883,H20,98.354,44.271
HPL-00365_DNA_225234_J20.CEL,HPL-00365_DNA,"HPL Biospsy 2022, 8 Add (DNA)",DNA,Pass,0.99528,98.951,99.051,29.294,28.853,5513774462030061924883,J20,98.354,44.271
HPL-00366_DNA_225234_L20.CEL,HPL-00366_DNA,"HPL Biospsy 2022, 9 Add (DNA)",DNA,Pass,0.98821,98.47,98.699,27.298,27.059,5513774462030061924883,L20,98.354,44.271
HPL-00367_DNA_225234_N20.CEL,HPL-00367_DNA,"HPL Biospsy 2022, 38 Add (DNA)",DNA,Pass,0.99764,98.849,99.035,28.216,27.953,5513774462030061924883,N20,98.354,44.271
HPL-00368_DNA_225234_P20.CEL,HPL-00368_DNA,"HPL Biospsy 2022, 42 Add (DNA)",DNA,Pass,1,98.776,98.909,28.871,27.939,5513774462030061924883,P20,98.354,44.271
HPL-00369_DNA_225234_B22.CEL,HPL-00369_DNA,"HPL Biospsy 2022, 2 Add (DNA)",DNA,Pass,0.99292,98.645,98.842,28.521,28.073,5513774462030061924883,B22,98.354,44.271
HPL-00370_DNA_225234_D22.CEL,HPL-00370_DNA,"HPL Biospsy 2022, 3 Add (DNA)",DNA,Pass,0.98113,98.66,99.033,25.273,25.417,5513774462030061924883,D22,98.354,44.271
HPL-00371_DNA_225234_F22.CEL,HPL-00371_DNA,"HPL Biospsy 2022, 48 Add (DNA)",DNA,Pass,0.99528,98.689,98.988,27.181,26.183,5513774462030061924883,F22,98.354,44.271
HPL-00372_DNA_225234_H22.CEL,HPL-00372_DNA,"HPL Biospsy 2022, 6 Add (DNA)",DNA,Pass,0.99528,98.587,99.011,25.433,25.569,5513774462030061924883,H22,98.354,44.271